BEDS Code,School Name,Local School Code
307500010000,Home Instruction,97M501
307500011035,P.S. 035,97M035
307500011079,P.S. M079 - Horan School,97M079
307500011094,P.S. M094,97M094
307500011138,P.S. 138,97M138
307500011169,P.S. M169 - Robert F. Kennedy,97M169
307500011226,P.S. M226,97M226
307500011401,Hospital Schools,97M401
307500011721,P.S. M721 - Manhattan Occupational Training Center,97M721
307500011751,Manhattan School for Career Development,97M751
307500011811,P.S. M811 - Mickey Mantle School,97M811
307500012010,P.S. X010,97X010
307500012012,P.S. X012 Lewis and Clark School,97X012
307500012017,P.S. X017,97X017
307500012168,P.S. 168,97X168
307500012176,P.S. X176,97X176
307500012186,P186X Walter J. Damrosch School,97X186
307500012188,P.S. X188,97X188
307500012352,The Vida Bogart School for All Children,97X352
307500012469,P469X - The Bronx School for Continuous Learners,97X469
307500012596,P.S. X596,97X596
307500012721,P.S. X721 - Stephen McSweeney School,97X721
307500012723,P.S. 723,97X723
307500012754,J. M. Rapport School Career Development,97X754
307500012811,P.S. X811,97X811
307500013004,P.S. K004,97K004
307500013036,P.S. 36,97K036
307500013053,P.S. K053,97K053
307500013077,P.S. K077,97K077
307500013140,P.S. K140,97K140
307500013141,P.S. K141,97K141
307500013231,P.S. K231,97K231
307500013368,P.S. 368,97K368
307500013369,P.S. K369 - Coy L. Cox School,97K369
307500013370,P.S. 370,97K370
307500013371,P.S. 371 - Lillian L. Rashkis,97K371
307500013372,P.S. 372 -The Children's School,97K372
307500013373,P.S. 373 - Brooklyn Transition Center,97K373
307500013396,P.S. K396,97K396
307500013721,P.S. K721 - Brooklyn Occupational Training Center,97K721
307500013753,P.S. K753 - School for Career Development,97K753
307500013771,P.S. K771,97K771
307500013811,P.S. K811 Connie Lekas School,97K811
307500014004,P.S. Q004,97Q004
307500014009,P.S. 009,97Q009
307500014023,P.S. Q023 @ Queens Children Center,97Q023
307500014075,Robert E. Peary School,97Q075
307500014177,P.S. Q177,97Q177
307500014224,P.S. Q224,97Q224
307500014233,P.S. Q233,97Q233
307500014255,P.S. Q255,97Q255
307500014256,P.S. Q256,97Q256
307500014277,The Riverview School,97Q277
307500014721,John F. Kennedy Jr. School,97Q721
307500014752,Queens Transition Center,97Q752
307500014811,P.S. Q811,97Q811
307500014993,P.S. Q993,97Q993
307500015025,South Richmond High School I.S./P.S. 25,97R025
307500015037,P.S. R037,97R037
307500015373,P.S. R373,97R373
307500015721,The Richard H. Hungerford School,97R721
307900011379,"YABC Programs – Manhattan, Bronx, Staten Island",79M379
307900011925,YABC Programs – Brooklyn and Queens,79K925
307900011973,Restart  Program,79M973
307900012695,Passages Academy,79X695
307900014344,New Rikers Island School,79Q344
307900014950,Pathways to Graduation,79Q950
310100010015,P.S. 015 Roberto Clemente,01M015
310100010019,P.S. 019 Asher Levy,01M019
310100010020,P.S. 020 Anna Silver,01M020
310100010034,P.S. 034 Franklin D. Roosevelt,01M034
310100010063,The STAR Academy - P.S.63,01M063
310100010064,P.S. 064 Robert Simon,01M064
310100010110,P.S. 110 Florence Nightingale,01M110
310100010134,P.S. 134 Henrietta Szold,01M134
310100010140,P.S. 140 Nathan Straus,01M140
310100010142,P.S. 142 Amalia Castro,01M142
310100010184,P.S. 184M Shuang Wen,01M184
310100010188,P.S. 188 The Island School,01M188
310100010315,The East Village Community School,01M315
310100010332,University Neighborhood Middle School,01M332
310100010361,The Children's Workshop School,01M361
310100010363,Neighborhood School,01M363
310100010364,Earth School,01M364
310100010378,School for Global Leaders,01M378
310100010839,Tompkins Square Middle School,01M839
310100011292,Orchard Collegiate Academy,01M292
310100011448,University Neighborhood High School,01M448
310100011450,East Side Community School,01M450
310100011458,Forsyth Satellite Academy,01M458
310100011509,Marta Valle High School,01M509
310100011515,Lower East Side Preparatory High School,01M515
310100011539,"New Explorations into Science, Technology and Math High School",01M539
310100011650,Cascades High School,01M650
310100011696,Bard High School Early College,01M696
310200010001,P.S. 001 Alfred E. Smith,02M001
310200010002,P.S. 002 Meyer London,02M002
310200010003,P.S. 003 Charrette School,02M003
310200010006,P.S. 006 Lillie D. Blake,02M006
310200010011,P.S. 011 William T. Harris,02M011
310200010033,P.S. 033 Chelsea Prep,02M033
310200010040,P.S. 040 Augustus Saint-Gaudens,02M040
310200010041,P.S. 041 Greenwich Village,02M041
310200010042,P.S. 042 Benjamin Altman,02M042
310200010047,47 The American Sign Language and English Secondary School,02M047
310200010051,P.S. 051 Elias Howe,02M051
310200010059,P.S. 059 Beekman Hill International,02M059
310200010077,P.S. 77 Lower Lab School,02M077
310200010089,P.S. 89,02M089
310200010104,J.H.S. 104 Simon Baruch,02M104
310200010111,P.S. 111 Adolph S. Ochs,02M111
310200010114,East Side Middle School,02M114
310200010116,P.S. 116 Mary Lindley Murray,02M116
310200010124,P.S. 124 Yung Wing,02M124
310200010126,P.S. 126 Jacob August Riis,02M126
310200010130,P.S. 130 Hernando De Soto,02M130
310200010131,M.S. 131,02M131
310200010150,P.S. 150,02M150
310200010151,Yorkville Community School,02M151
310200010158,P.S. 158 Bayard Taylor,02M158
310200010167,J.H.S. 167 Robert F. Wagner,02M167
310200010177,Yorkville East Middle School,02M177
310200010183,P.S. 183 Robert L. Stevenson,02M183
310200010198,P.S. 198 Isador E. Ida Straus,02M198
310200010212,P.S. 212 Midtown West,02M212
310200010217,P.S./I.S. 217 Roosevelt Island,02M217
310200010234,P.S. 234 Independence School,02M234
310200010255,M.S. 255 Salk School of Science,02M255
310200010260,M.S. 260 Clinton School Writers & Artists,02M260
310200010267,"East Side Elementary School, PS 267",02M267
310200010276,Battery Park City School,02M276
310200010281,The River School,02M281
310200010289,I.S. 289,02M289
310200010290,P.S. 290 Manhattan New School,02M290
310200010297,M.S. 297,02M297
310200010310,The Judith S. Kaye High School,04M310
310200010312,New York City Lab Middle School for Collaborative Studies,02M312
310200010340,Sixth Avenue Elementary School,02M340
310200010343,The Peck Slip School,02M343
310200010347,The 47 American Sign Language & English Lower School,02M347
310200010397,Spruce Street School,02M397
310200010412,N.Y.C. Lab School for Collaborative Studies,02M412
310200010413,School of the Future High School,02M413
310200010414,N.Y.C. Museum School,02M414
310200010416,Eleanor Roosevelt High School,02M416
310200010418,Millennium High School,02M418
310200010527,P.S. 527 - East Side School for Social Action,02M527
310200010666,Pre-K Center District 02,02MP02
310200010896,Lower Manhattan Community Middle School,02M896
310200010933,City Knoll Middle School,02M933
310200011135,The Urban Assembly School for Emergency Management,02M135
310200011139,Stephen T. Mather Building Arts & Craftsmanship High School,02M139
310200011225,Ella Baker School,02M225
310200011280,Manhattan Early College School for Advertising,02M280
310200011282,Urban Assembly Maker Academy,02M282
310200011288,Food and Finance High School,02M288
310200011294,Essex Street Academy,02M294
310200011296,High School of Hospitality Management,02M296
310200011298,Pace High School,02M298
310200011300,"Urban Assembly School of Design and Construction, The",02M300
310200011303,"Facing History School, The",02M303
310200011305,"Urban Assembly Academy of Government and Law, The",02M305
310200011308,Lower Manhattan Arts Academy,02M308
310200011313,"James Baldwin School, The: A School for Expeditionary Learning",02M313
310200011316,"Urban Assembly School of Business for Young Women, The",02M316
310200011374,Gramercy Arts High School,02M374
310200011376,NYC iSchool,02M376
310200011392,Manhattan Business Academy,02M392
310200011393,Business of Sports School,02M393
310200011394,Emma Lazarus High School,02M394
310200011399,The High School for Language and Diplomacy,02M399
310200011400,High School for Environmental Studies,02M400
310200011407,Institute for Collaborative Education,02M407
310200011408,Professional Performing Arts High School,02M408
310200011411,Baruch College Campus High School,02M411
310200011419,Landmark High School,02M419
310200011420,High School for Health Professions and Human Services,02M420
310200011422,Quest to Learn,02M422
310200011425,Leadership and Public Service High School,02M425
310200011427,Manhattan Academy for Arts & Language,02M427
310200011432,Murray Hill Academy,02M432
310200011437,Hudson High School of Learning Technologies,02M437
310200011438,International High School at Union Square,02M438
310200011439,Manhattan Village Academy,02M439
310200011442,"Ballet Tech, NYC Public School for Dance",02M442
310200011449,Vanguard High School,02M449
310200011459,Manhattan International High School,02M459
310200011475,Stuyvesant High School,02M475
310200011489,High School of Economics and Finance,02M489
310200011500,Unity Center for Urban Technologies,02M500
310200011507,Urban Assembly Gateway School for Technology,02M507
310200011519,Talent Unlimited High School,02M519
310200011520,Murry Bergtraum High School for Business Careers,02M520
310200011529,Jacqueline Kennedy Onassis High School,02M529
310200011531,Repertory Company High School for Theatre Arts,02M531
310200011533,Union Square Academy for Health Sciences,02M533
310200011534,Harvest Collegiate High School,02M534
310200011542,Manhattan Bridges High School,02M542
310200011543,New Design High School,02M543
310200011544,Independence High School,02M544
310200011545,High School for Dual Language and Asian Studies,02M545
310200011546,Academy for Software Engineering,02M546
310200011550,Liberty High School Academy for Newcomers,02M550
310200011551,Urban Assembly New York Harbor School,02M551
310200011560,High School M560 - City As School,02M560
310200011565,Urban Academy Laboratory High School,02M565
310200011570,Satellite Academy High School,02M570
310200011575,Manhattan Comprehensive Night and Day High School,02M575
310200011580,Richard R. Green High School of Teaching,02M580
310200011586,Harvey Milk High School,02M586
310200011600,The High School of Fashion Industries,02M600
310200011605,Humanities Preparatory Academy,02M605
310200011615,Chelsea Career and Technical Education High School,02M615
310200011630,Art and Design High School,02M630
310200011655,Life Sciences Secondary School,02M655
310300010009,P.S. 009 Sarah Anderson,03M009
310300010054,J.H.S. 054 Booker T. Washington,03M054
310300010075,P.S. 075 Emily Dickinson,03M075
310300010076,P.S. 076 A. Philip Randolph,03M076
310300010084,P.S. 084 Lillian Weber,03M084
310300010087,P.S. 087 William Sherman,03M087
310300010145,"P.S. 145, The Bloomingdale School",03M145
310300010149,P.S. 149 Sojourner Truth,03M149
310300010163,P.S. 163 Alfred E. Smith,03M163
310300010165,P.S. 165 Robert E. Simon,03M165
310300010166,P.S. 166 The Richard Rodgers School of the Arts and Technology,03M166
310300010180,P.S. 180 Hugo Newman,03M180
310300010185,P.S. 185 - The Early Childhood Discovery and Design Magnet School,03M185
310300010191,The Riverside School for Makers and Artists,03M191
310300010199,P.S. 199 Jessie Isador Straus,03M199
310300010241,STEM Institute of Manhattan,03M241
310300010242,P.S. 242 - The Young Diplomats Magnet Academy,03M242
310300010243,M.S. 243 Center School,03M243
310300010245,M.S. M245 The Computer School,03M245
310300010247,M.S. M247 Dual Language Middle School,03M247
310300010250,M.S. 250 West Side Collaborative Middle School,03M250
310300010256,Lafayette Academy,03M256
310300010258,Community Action School - MS 258,03M258
310300010333,P.S. 333 Manhattan School for Children,03M333
310300010334,The Anderson School,03M334
310300010421,West Prep Academy,03M421
310300010452,P.S. 452,03M452
310300010862,Mott Hall II,03M862
310300011291,West End Secondary School,03M291
310300011299,The Maxine Greene HS for Imaginative Inquiry,03M299
310300011307,"Urban Assembly School for Media Studies, The",03M307
310300011402,The Urban Assembly School for Green Careers,03M402
310300011403,The Global Learning Collaborative,03M403
310300011404,Innovation Diploma Plus,03M404
310300011415,Wadleigh Secondary School for the Performing & Visual Arts,03M415
310300011417,Frank McCourt High School,03M417
310300011479,Beacon High School,03M479
310300011485,Fiorello H. LaGuardia High School of Music & Art and Performing Arts,03M485
310300011492,"High School for Law, Advocacy and Community Justice",03M492
310300011494,High School of Arts and Technology,03M494
310300011505,Edward A. Reynolds West Side High School,03M505
310300011541,Manhattan / Hunter Science High School,03M541
310300011859,Special Music School,03M859
310300011860,Frederick Douglass Academy II Secondary School,03M860
310400010007,P.S. 007 Samuel Stern,04M007
310400010012,TAG Young Scholars,04M012
310400010037,River East Elementary,04M037
310400010038,P.S. 38 Roberto Clemente,04M038
310400010057,James Weldon Johnson,04M057
310400010072,The Lexington Academy,04M072
310400010083,P.S. 083 Luis Munoz Rivera,04M083
310400010096,P.S. 096 Joseph Lanzetta,04M096
310400010102,P.S. 102 Jacques Cartier,04M102
310400010108,P.S. 108 Assemblyman Angelo Del Toro Educational Complex,04M108
310400010112,P.S. 112 Jose Celso Barbosa,04M112
310400010146,P.S. 146 Ann M. Short,04M146
310400010155,P.S. 155 William Paca,04M155
310400010171,P.S. 171 Patrick Henry,04M171
310400010182,The Bilingual Bicultural School,04M182
310400010206,P.S. 206 Jose Celso Barbosa,04M206
310400010224,M.S. 224 Manhattan East School for Arts & Academics,04M224
310400010372,Esperanza Preparatory Academy,04M372
310400010375,Mosaic Preparatory Academy,04M375
310400010377,Renaissance School of the Arts,04M377
310400010497,Central Park East I,04M497
310400010825,Isaac Newton Middle School for Math & Science,04M825
310400010964,Central Park East II,04M964
310400011435,Manhattan Center for Science and Mathematics,04M435
310400011495,Park East High School,04M495
310400011555,Central Park East High School,04M555
310400011610,Young Women's Leadership School,04M610
310400011680,"Heritage School, The",04M680
310500010030,P.S. 030 Hernandez/Hughes,05M030
310500010036,P.S. 036 Margaret Douglas,05M036
310500010046,P.S. 046 Arthur Tappan,05M046
310500010092,P.S. 092 Mary McLeod Bethune,05M092
310500010123,P.S. 123 Mahalia Jackson,05M123
310500010125,P.S. 125 Ralph Bunche,05M125
310500010129,P.S. 129 John H. Finley,05M129
310500010133,P.S. 133 Fred R Moore,05M133
310500010154,P.S. 154 Harriet Tubman,05M154
310500010161,P.S. 161 Pedro Albizu Campos,05M161
310500010175,P.S. 175 Henry H Garnet,05M175
310500010194,P.S. 194 Countee Cullen,05M194
310500010197,P.S. 197 John B. Russwurm,05M197
310500010200,P.S. 200- The James McCune Smith School,05M200
310500010286,Urban Assembly Academy for Future Leaders,05M286
310500010318,Thurgood Marshall Academy Lower School,05M318
310500010514,New Design Middle School,05M514
310500010517,Teachers College Community School,05M517
310500011148,Eagle Academy for Young Men of Harlem,05M148
310500011157,The Urban Assembly School for Global Commerce,05M157
310500011285,Harlem Renaissance High School,05M285
310500011304,Mott Hall High School,05M304
310500011362,Columbia Secondary School,05M362
310500011369,Urban Assembly School for the Performing Arts,05M369
310500011499,Frederick Douglass Academy,05M499
310500011670,Thurgood Marshall Academy for Learning and Social Change,05M670
310500011692,"High School for Mathematics, Science and Engineering at City College",05M692
310600010004,P.S. 004 Duke Ellington,06M004
310600010005,P.S. 005 Ellen Lurie,06M005
310600010008,P.S. 008 Luis Belliard,06M008
310600010018,P.S. 018 Park Terrace,06M018
310600010028,P.S. 028 Wright Brothers,06M028
310600010048,P.S. 048 P.O. Michael J. Buczek,06M048
310600010052,J.H.S. 052 Inwood,06M052
310600010098,P.S. 098 Shorac Kappock,06M098
310600010103,Dos Puentes Elementary School,06M103
310600010115,P.S. 115 Alexander Humboldt,06M115
310600010128,P.S. 128 Audubon,06M128
310600010132,P.S. 132 Juan Pablo Duarte,06M132
310600010143,J.H.S. 143 Eleanor Roosevelt,06M143
310600010152,P.S. 152 Dyckman Valley,06M152
310600010153,P.S. 153 Adam Clayton Powell,06M153
310600010173,P.S. 173,06M173
310600010178,Professor Juan Bosch Public School,06M178
310600010187,P.S./I.S. 187 Hudson Cliffs,06M187
310600010189,P.S. 189,06M189
310600010192,P.S. 192 Jacob H. Schiff,06M192
310600010209,Hamilton Grange Middle School,06M209
310600010210,P.S./I.S. 210 - Twenty-First Century Academy for Community Leadership,06M210
310600010223,The Mott Hall School,06M223
310600010278,Paula Hedbavny School,06M278
310600010311,Amistad Dual Language School,06M311
310600010314,Muscota,06M314
310600010319,M.S. 319 - Maria Teresa,06M319
310600010322,Middle School 322,06M322
310600010324,M.S. 324 - Patria Mirabal,06M324
310600010328,Community Math & Science Prep,06M328
310600010349,Harbor Heights,06M349
310600010366,Washington Heights Academy,06M366
310600010368,Hamilton Heights School,06M368
310600010513,Castle Bridge School,06M513
310600010528,I.S. 528 Bea Fuller Rodgers School,06M528
310600011211,Inwood Early College for Health and Information Technologies,06M211
310600011293,City College Academy of the Arts,06M293
310600011346,Community Health Academy of the Heights,06M346
310600011348,Washington Heights Expeditionary Learning School,06M348
310600011423,High School for Excellence and Innovation,06M423
310600011462,The College Academy,06M462
310600011463,High School for Media and Communications,06M463
310600011467,High School for Law and Public Service,06M467
310600011468,High School for Health Careers and Sciences,06M468
310600011540,A. Philip Randolph Campus High School,06M540
310600011552,Gregorio Luperon High School for Science and Mathematics,06M552
320700010001,P.S. 001 Courtlandt School,07X001
320700010005,P.S. 5 Port Morris,07X005
320700010018,P.S. 018 John Peter Zenger,07X018
320700010025,P.S. 025 Bilingual School,07X025
320700010029,P.S./M.S. 029 Melrose School,07X029
320700010030,P.S. 030 Wilton,07X030
320700010031,P.S./M.S. 031 The William Lloyd Garrison,07X031
320700010043,P.S. 043 Jonas Bronck,07X043
320700010049,P.S. 049 Willis Avenue,07X049
320700010065,P.S. 065 Mother Hale Academy,07X065
320700010151,J.H.S. 151 Lou Gehrig,07X151
320700010154,P.S. 154 Jonathan D. Hyatt,07X154
320700010157,P.S. 157 Grove Hill,07X157
320700010161,P.S. 161 Juan Ponce De Leon School,07X161
320700010179,P.S. 179,07X179
320700010223,The Laboratory School of Finance and Technology: X223,07X223
320700010224,P.S./I.S. 224,07X224
320700010277,P.S. 277,07X277
320700010296,South Bronx Academy for Applied Media,07X296
320700010298,Academy of Public Relations,07X298
320700010343,Academy of Applied Mathematics and Technology,07X343
320700010359,Concourse Village Elementary School,07X359
320700010369,Young Leaders Elementary School,07X369
320700010584,I.S. 584,07X584
320700010666,Pre-K Center District 07,07XP07
320700011221,South Bronx Preparatory: A College Board School,07X221
320700011259,"H.E.R.O. High (Health, Education, and Research Occupations High School)",07X259
320700011334,International Community High School,07X334
320700011379,Jill Chaifetz Transfer High School,07X379
320700011381,Bronx Haven High School,07X381
320700011427,Community School for Social Justice,07X427
320700011473,Mott Haven Village Preparatory High School,07X473
320700011495,University Heights Secondary School,07X495
320700011500,Hostos-Lincoln Academy of Science,07X500
320700011522,Bronx Design and Construction Academy,07X522
320700011527,Bronx Leadership Academy II High School,07X527
320700011548,Careers in Sports High School,07X548
320700011551,The Urban Assembly Bronx Academy of Letters,07X551
320700011557,Mott Haven Community High School,07X557
320700011600,Alfred E. Smith Career and Technical Education High School,07X600
320700011670,Health Opportunities High School,07X670
320800010014,P.S. X014 Senator John Calandra,08X014
320800010036,P.S. 036 Unionport,08X036
320800010048,P.S. 048 Joseph R. Drake,08X048
320800010062,P.S. 062 Inocensio Casanova,08X062
320800010069,P.S. 069 Journey Prep School,08X069
320800010071,P.S. 071 Rose E. Scala,08X071
320800010072,P.S. 072 Dr. William Dorney,08X072
320800010075,P.S. 75 School of Research and Discovery,08X075
320800010093,P.S. 093 Albert G. Oliver,08X093
320800010100,P.S. 100 Isaac Clason,08X100
320800010101,M.S. X101 Edward R. Byrne,08X101
320800010107,P.S. 107,08X107
320800010119,The Dr. Emmett W. Bassett School,08X119
320800010123,J.H.S. 123 James M. Kieran,08X123
320800010130,P.S. 130 Abram Stevens Hewitt,08X130
320800010131,J.H.S. 131 Albert Einstein,08X131
320800010138,P.S. 138 Samuel Randall,08X138
320800010140,P.S. X140 The Eagle School,08X140
320800010146,P.S. 146 Edward Collins,08X146
320800010152,P.S. 152 Evergreen,08X152
320800010182,P.S. 182,08X182
320800010301,M.S. 301 Paul L. Dunbar,08X301
320800010302,M.S. 302 Luisa Dessus Cruz,08X302
320800010304,P.S. 304 Early Childhood School,08X304
320800010312,Millennium Art Academy,08X312
320800010333,The Longwood Academy of Discovery,08X333
320800010337,The School for Inquiry and Social Justice,08X337
320800010371,Urban Institute of Mathematics,08X371
320800010375,The Bronx Mathematics Preparatory School,08X375
320800010392,Bronx Delta School,08X392
320800010424,The Hunts Point School,08X424
320800010448,Soundview Academy for Culture and Scholarship,08X448
320800010467,Mott Hall Community School,08X467
320800010562,Blueprint Middle School,08X562
320800010583,P.S. 583,08X583
320800011269,Bronx Studio School for Writers and Artists,08X269
320800011282,Women's Academy of Excellence,08X282
320800011293,Renaissance High School for Musical Theater & Technology,08X293
320800011320,Pelham Lab High School,08X320
320800011348,Schuylerville Preparatory High School,08X348
320800011349,Bronx River High School,08X349
320800011367,"Archimedes Academy for Math, Science and Technology Applications",08X367
320800011376,Antonia Pantoja Preparatory Academy: A College Board School,08X376
320800011377,Bronx Community High School,08X377
320800011405,Herbert H. Lehman High School,08X405
320800011432,Bronx Bridges High School,08X432
320800011452,Gotham Collaborative High School,08X452
320800011530,Longwood Preparatory Academy,08X530
320800011537,Bronx Arena High School,08X537
320800011558,Westchester Square Academy,08X558
320800011559,School for Tourism and Hospitality,08X559
320800011561,Bronx Compass High School,08X561
320900010004,P.S./M.S. 004 Crotona Park West,09X004
320900010011,P.S. 011 Highbridge,09X011
320900010022,J.H.S. 022 Jordan L. Mott,09X022
320900010028,P.S. 028 Mount Hope,09X028
320900010035,P.S. 035 Franz Siegel,09X035
320900010042,P.S. 042 Claremont,09X042
320900010053,P.S. 053 Basheer Quisim,09X053
320900010055,P.S. 055 Benjamin Franklin,09X055
320900010058,P.S. 058,09X058
320900010063,P.S. 063 Author's Academy,09X063
320900010070,P.S. 070 Max Schoenfeld,09X070
320900010073,P.S. 073 Bronx,09X073
320900010088,P.S. X088 - S. Silverstein Little Sparrow School,09X088
320900010109,P.S. 109 Sedgwick,09X109
320900010110,P.S. 110 Theodore Schoenfeld,09X110
320900010114,P.S. X114 - Luis Llorens Torres Schools,09X114
320900010117,I.S. 117 Joseph H. Wade,09X117
320900010126,P.S. 126 Dr Marjorie H Dunbar,09X126
320900010128,Mott Hall III,09X128
320900010132,P.S. 132 Garret A. Morgan,09X132
320900010163,P.S. 163 Arthur A. Schomburg,09X163
320900010170,P.S. 170,09X170
320900010199,P.S. 199X - The Shakespeare School,09X199
320900010204,P.S. 204 Morris Heights,09X204
320900010215,KAPPA,09X215
320900010218,P.S./I.S. 218 Rafael Hernandez Dual Language Magnet School,09X218
320900010219,I.S. 219 New Venture School,09X219
320900010229,I.S. 229 Roland Patterson,09X229
320900010232,I.S. 232,09X232
320900010236,P.S. 236 Langston Hughes,09X236
320900010274,The New American Academy at Roberto Clemente State Park,09X274
320900010294,The Walton Avenue School,09X294
320900010303,I.S. X303 Leadership & Community Service,09X303
320900010311,Lucero Elementary School,09X311
320900010313,I.S. 313 School of Leadership Development,09X313
320900010323,Bronx Writing Academy,09X323
320900010327,Comprehensive Model School Project M.S. 327,09X327
320900010328,New Millennium Bronx Academy of the Arts,09X328
320900010339,I.S. 339,09X339
320900010361,The Highbridge Green School,09X361
320900010443,The Family School,09X443
320900010449,Grant Avenue Elementary School,09X449
320900010454,Science and Technology Academy: A Mott Hall School,09X454
320900010457,Sheridan Academy for Young Leaders,09X457
320900010555,Mount Eden Children's Academy,09X555
320900010568,Young Women's Leadership School of the Bronx,09X568
320900010593,South Bronx International Middle School,09X593
320900010594,M.S. 594,09X594
320900010666,Pre-K Center District 09,09XP09
320900011227,Bronx Collegiate Academy,09X227
320900011231,Eagle Academy for Young Men,09X231
320900011241,"Urban Assembly School for Applied Math and Science, The",09X241
320900011250,Eximius College Preparatory Academy: A College Board School,09X250
320900011252,Mott Hall Bronx High School,09X252
320900011260,Bronx Center for Science and Mathematics,09X260
320900011263,Validus Preparatory Academy,09X263
320900011297,Morris Academy for Collaborative Studies,09X297
320900011324,Bronx Early College Academy for Teaching & Learning,09X324
320900011329,Dreamyard Preparatory School,09X329
320900011350,New Directions Secondary School,09X350
320900011365,Academy for Language and Technology,09X365
320900011403,Bronx International High School,09X403
320900011404,School for Excellence,09X404
320900011412,Bronx High School of Business,09X412
320900011413,Bronx High School for Medical Science,09X413
320900011505,"Bronx School for Law, Government and Justice",09X505
320900011517,Frederick Douglass Academy III Secondary School,09X517
320900011525,Bronx Leadership Academy High School,09X525
320900011543,High School for Violin and Dance,09X543
320900011564,Claremont International HS,09X564
321000010003,P.S. 3 Raul Julia Micro Society,10X003
321000010007,Milton Fein School,10X007
321000010008,P.S. 008 Isaac Varian,10X008
321000010009,P.S. 9 Ryer Avenue Elementary School,10X009
321000010015,P.S. X015 Institute for Environmental Learning,10X015
321000010020,"P.S./M.S. 20 P.O.George J. Werdann, III",10X020
321000010023,P.S. 023 The New Children's School,10X023
321000010024,P.S. 024 Spuyten Duyvil,10X024
321000010032,P.S. 032 Belmont,10X032
321000010033,P.S. 033 Timothy Dwight,10X033
321000010037,P.S. X037 - Multiple Intelligence School,10X037
321000010045,Thomas C. Giordano Middle School 45,10X045
321000010046,P.S. 046 Edgar Allan Poe,10X046
321000010051,The Bronx STEM and Arts Academy,10X051
321000010054,P.S./I.S. 54,10X054
321000010056,P.S. 056 Norwood Heights,10X056
321000010059,P.S. 059 The Community School of Technology,10X059
321000010077,Bedford Park Elementary School,10X077
321000010080,J.H.S. 080 The Mosholu Parkway,10X080
321000010081,P.S. 081 Robert J. Christen,10X081
321000010085,P.S. 085 Great Expectations,10X085
321000010086,P.S. 086 Kingsbridge Heights,10X086
321000010091,P.S. 091 Bronx,10X091
321000010094,P.S. 094 Kings College School,10X094
321000010095,P.S. 095 Sheila Mencher,10X095
321000010118,J.H.S. 118 William W. Niles,10X118
321000010159,P.S. 159 Luis Munoz Marin Biling,10X159
321000010205,P.S. 205 Fiorello Laguardia,10X205
321000010206,I.S. 206 Ann Mersereau,10X206
321000010207,P.S. 207,10X207
321000010209,P.S. 209,10X209
321000010225,Theatre Arts Production Company School,10X225
321000010226,P.S. 226,10X226
321000010228,Jonas Bronck Academy,10X228
321000010244,The New School for Leadership and Journalism,10X244
321000010246,P.S. 246 Poe Center,10X246
321000010254,I.S. 254,10X254
321000010279,"P.S. 279 Captain Manuel Rivera, Jr.",10X279
321000010280,P.S./M.S. 280 Mosholu Parkway,10X280
321000010291,P.S. 291,10X291
321000010306,P.S. 306,10X306
321000010307,Luisa Pineiro Fuentes School of Science and Discovery,10X307
321000010308,Bronx Dance Academy School,10X308
321000010310,P.S. 310 Marble Hill,10X310
321000010315,P.S. 315 Lab School,10X315
321000010331,The Bronx School of Young Leaders,10X331
321000010340,P.S. 340,10X340
321000010344,Ampark Neighborhood,10X344
321000010360,P.S. 360,10X360
321000010363,Academy for Personal Leadership and Excellence,10X363
321000010368,In-Tech Academy (M.S. / High School 368),10X368
321000010382,"Elementary School for Math, Science, and Technology",10X382
321000010386,School for Environmental Citizenship,10X386
321000010390,M.S. 390,10X390
321000010391,The Angelo Patri Middle School,10X391
321000010396,P.S. 396,10X396
321000010447,Creston Academy,10X447
321000010666,Pre-K Center District 10,10XP10
321000011141,Riverdale / Kingsbridge Academy (Middle School / High School 141),10X141
321000011213,Bronx Engineering and Technology Academy,10X213
321000011237,"The Marie Curie School for Medicine, Nursing, and Health Professions",10X237
321000011243,West Bronx Academy for the Future,10X243
321000011264,Bronx Academy for Software Engineering (BASE),10X264
321000011268,Kingsbridge International High School,10X268
321000011284,Bronx School of Law and Finance,10X284
321000011319,Providing Urban Learners Success in Education High School,10X319
321000011342,International School for Liberal Arts,10X342
321000011351,Bronx Collaborative High School,10X351
321000011353,World View High School,10X353
321000011374,Knowledge and Power Preparatory Academy International High School (KAPPA),10X374
321000011397,English Language Learners and International Support Preparatory Academy (ELLIS),10X397
321000011433,High School for Teaching and the Professions,10X433
321000011434,Belmont Preparatory High School,10X434
321000011437,Fordham High School for the Arts,10X437
321000011438,Fordham Leadership Academy,10X438
321000011439,Bronx High School for Law and Community Service,10X439
321000011440,Dewitt Clinton High School,10X440
321000011442,"Celia Cruz Bronx High School of Music, The",10X442
321000011445,Bronx High School of Science,10X445
321000011477,Marble Hill High School for International Studies,10X477
321000011524,Crotona International High School,10X524
321000011546,Bronx Theatre High School,10X546
321000011549,Discovery High School,10X549
321000011565,High School for Energy and Technology,10X565
321000011696,High School of American Studies at Lehman College,10X696
321100010016,P.S. 016 Wakefield,11X016
321100010019,P.S. 019 Judith K. Weiss,11X019
321100010021,P.S. 021 Philip H. Sheridan,11X021
321100010041,P.S. 041 Gun Hill Road,11X041
321100010068,P.S. 068 Bronx,11X068
321100010076,P.S. 076 The Bennington School,11X076
321100010078,P.S. 078 Anne Hutchinson,11X078
321100010083,P.S. 083 Donald Hertz,11X083
321100010087,P.S. 087 Bronx,11X087
321100010089,P.S. 089 Bronx,11X089
321100010096,P.S. 096 Richard Rodgers,11X096
321100010097,P.S. 097 Bronx,11X097
321100010103,P.S. 103 Hector Fontanez,11X103
321100010105,P.S. 105 Sen Abraham Bernstein,11X105
321100010106,P.S. 106 Parkchester,11X106
321100010108,P.S. 108 Philip J. Abinanti,11X108
321100010111,P.S. 111 Seton Falls,11X111
321100010112,P.S. 112 Bronxwood,11X112
321100010121,P.S. 121 Throop,11X121
321100010127,J.H.S. 127 The Castle Hill,11X127
321100010144,J.H.S. 144 Michelangelo,11X144
321100010153,P.S. 153 Helen Keller,11X153
321100010160,P.S. 160 Walt Disney,11X160
321100010169,Baychester Academy,11X169
321100010175,P.S. 175 City Island,11X175
321100010178,P.S. 178 - Dr. Selman Waksman,11X178
321100010180,M.S. 180 Dr. Daniel Hale Williams,11X180
321100010181,I.S. 181 Pablo Casals,11X181
321100010189,Cornerstone Academy for Social Action,11X189
321100010194,P.S./M.S. 194,11X194
321100010287,North Bronx School of Empowerment,11X287
321100010326,Bronx Green Middle School,11X326
321100010355,Bronx Alliance Middle School,11X355
321100010357,Young Voices Academy of the Bronx,11X357
321100010370,Leaders of Tomorrow,11X370
321100010462,Cornerstone Academy for Social Action Middle School (CASA),11X462
321100010468,Pelham Academy of Academics and Community Engagement,11X468
321100010481,The STEAM Bridge School,11X481
321100010483,The Matilda Avenue School,11X483
321100010498,P.S./M.S. 11X498 - Van Nest Academy,11X498
321100010529,One World Middle School at Edenwald,11X529
321100010532,Baychester Middle School,11X532
321100010556,Bronx Park Middle School,11X556
321100010566,Pelham Gardens Middle School,11X566
321100010567,Linden Tree Elementary School,11X567
321100010666,Pre-K Center District 11,11XP11
321100011249,Bronx Health Sciences High School,11X249
321100011253,Bronx High School for Writing and Communication Arts,11X253
321100011265,Bronx Lab School,11X265
321100011270,Academy for Scholarship and Entrepreneurship: A College Board School,11X270
321100011275,High School of Computers and Technology,11X275
321100011288,Collegiate Institute for Math and Science,11X288
321100011290,Bronx Academy of Health Careers,11X290
321100011299,Astor Collegiate Academy,11X299
321100011418,Bronx High School for the Visual Arts,11X418
321100011455,Harry S Truman High School,11X455
321100011508,Bronxdale High School,11X508
321100011509,High School of Language and Innovation,11X509
321100011513,New World High School,11X513
321100011514,The Bronxwood Preparatory Academy,11X514
321100011542,Pelham Preparatory Academy,11X542
321100011544,High School for Contemporary Arts,11X544
321100011545,Bronx Aerospace High School,11X545
321200010006,P.S. 006 West Farms,12X006
321200010044,P.S. 044 David C. Farragut,12X044
321200010047,P.S. 047 John Randolph,12X047
321200010057,P.S. 057 Crescent,12X057
321200010061,P.S. 061 Francisco Oller,12X061
321200010066,P.S. 066 School of Higher Expectations,12X066
321200010067,P.S. 067 Mohegan School,12X067
321200010098,J.H.S. 098 Herman Ridder,12X098
321200010129,M.S. 129 Academy for Independent Learning and Leadership,12X129
321200010134,P.S. 134 George F. Bristow,12X134
321200010150,P.S. 150 Charles James Fox,12X150
321200010190,E.S.M.T- I.S. 190,12X190
321200010195,P.S. 195,12X195
321200010196,P.S. 196,12X196
321200010211,P.S. 211,12X211
321200010212,P.S. 212,12X212
321200010214,P.S. 214,12X214
321200010217,School of Performing Arts,12X217
321200010242,Mott Hall V,12X242
321200010273,Frederick Douglass Academy V. Middle School,12X273
321200010286,Fannie Lou Hamer Middle School,12X286
321200010300,The School of Science and Applied Learning,12X300
321200010314,Fairmont Neighborhood School,12X314
321200010316,KAPPA III,12X316
321200010318,"I.S. X318 Math, Science & Technology Through Arts",12X318
321200010341,Accion Academy,12X341
321200010383,Emolior Academy,12X383
321200010458,Samara Community School,12X458
321200010463,Urban Scholars Community School,12X463
321200010531,Archer Elementary School,12X531
321200010536,P.S. 536,12X536
321200010595,P.S. 595,12X595
321200011248,"Metropolitan High School, The",12X248
321200011251,Explorations Academy H.S.,12X251
321200011267,Bronx Latin,12X267
321200011271,East Bronx Academy for the Future,12X271
321200011388,Pan American International High School at Monroe,12X388
321200011446,Arturo A. Schomburg Satellite Academy Bronx,12X446
321200011478,The Cinema School,12X478
321200011479,Bronx Career and College Preparatory High School,12X479
321200011480,Bronx Regional High School,12X480
321200011511,Bronx Envision Academy,12X511
321200011521,The Metropolitan Soundview High School,12X521
321200011550,High School of World Cultures,12X550
321200011682,Fannie Lou Hamer Freedom High School,12X682
321200011684,Wings Academy,12X684
321200011691,Bronx Little School,12X691
331300010003,P.S. 003 The Bedford Village,13K003
331300010008,P.S. 008 Robert Fulton,13K008
331300010009,P.S. 009 Teunis G. Bergen,13K009
331300010011,P.S. 011 Purvis J. Behan,13K011
331300010020,P.S. 020 Clinton Hill,13K020
331300010044,P.S. 044 Marcus Garvey,13K044
331300010046,P.S. 046 Edward C. Blum,13K046
331300010054,P.S. 054 Samuel C. Barnes,13K054
331300010056,P.S. 056 Lewis H. Latimer,13K056
331300010067,P.S. 067 Charles A. Dorsey,13K067
331300010093,P.S. 093 William H. Prescott,13K093
331300010113,M.S. 113 Ronald Edmonds Learning Center,13K113
331300010133,P.S. 133 William A. Butler,13K133
331300010256,P.S. 256 Benjamin Banneker,13K256
331300010265,Dr. Susan S. McKinney Secondary School of the Arts,13K265
331300010266,M.S. K266 - Park Place Community Middle School,13K266
331300010270,P.S. 270 Johann Dekalb,13K270
331300010282,P.S. 282 Park Slope,13K282
331300010287,P.S. 287 Bailey K. Ashford,13K287
331300010301,Satellite East Middle School,13K301
331300010305,P.S. 305 Dr. Peter Ray,13K305
331300010307,P.S. 307 Daniel Hale Williams,13K307
331300010313,Dock Street School for STEAM Studies,13K313
331300010351,The Urban Assembly Unison School,13K351
331300010666,Pre-K Center District 13,13KP13
331300010691,Fort Greene Preparatory Academy,13K691
331300010915,I.S. 915,13K915
331300011350,Urban Assembly School for Music and Art,13K350
331300011412,Brooklyn Community Arts & Media High School (BCAM),13K412
331300011419,"Science Skills Center High School for Science, Technology and the Creative Arts",13K419
331300011430,Brooklyn Technical High School,13K430
331300011439,Brooklyn International High School,13K439
331300011483,The Urban Assembly School for Law and Justice,13K483
331300011492,Academy of Arts and Letters,13K492
331300011499,Acorn Community High School,13K499
331300011527,Urban Assembly Institute of Math and Science for Young Women,13K527
331300011553,Brooklyn Academy High School,13K553
331300011595,Bedford Academy High School,13K595
331300011605,George Westinghouse Career and Technical Education High School,13K605
331300011616,Brooklyn High School for Leadership and Community Service,13K616
331300011670,Benjamin Banneker Academy,13K670
331300011674,"City Polytechnic High School of Engineering, Architecture, and Technology",13K674
331400010016,P.S. 016 Leonard Dunkly,14K016
331400010017,P.S. 017 Henry D. Woodworth,14K017
331400010018,P.S. 018 Edward Bush,14K018
331400010023,P.S. 023 Carter G. Woodson,14K023
331400010031,P.S. 031 Samuel F. Dupont,14K031
331400010034,P.S. 034 Oliver H. Perry,14K034
331400010050,J.H.S. 050 John D. Wells,14K050
331400010059,P.S. 059 William Floyd,14K059
331400010084,P.S. 084 Jose De Diego,14K084
331400010110,P.S. 110 The Monitor,14K110
331400010120,P.S. 120 Carlos Tapia,14K120
331400010126,John Ericsson Middle School 126,14K126
331400010132,P.S. 132 The Conselyea School,14K132
331400010147,P.S. 147 Isaac Remsen,14K147
331400010157,P.S./I.S. 157 The Benjamin Franklin Health & Science Academy,14K157
331400010196,P.S. 196 Ten Eyck,14K196
331400010250,P.S. 250 George H. Lindsay,14K250
331400010257,P.S. 257 John F. Hylan,14K257
331400010297,P.S. 297 Abraham Stockton,14K297
331400010318,I.S. 318 Eugenio Maria De Hostos,14K318
331400010319,P.S. 319,14K319
331400010380,P.S. 380 John Wayne Elementary,14K380
331400010414,Brooklyn Arbor Elementary School,14K414
331400010577,Conselyea Preparatory School,14K577
331400010582,M.S. 582,14K582
331400011071,Juan Morel Campos Secondary School,14K071
331400011449,"Brooklyn Latin School, The",14K449
331400011454,The Williamsburg High School of Art and Technology,14K454
331400011474,Progress High School for Professional Careers,14K474
331400011477,East Williamsburg Scholars Academy,14K477
331400011478,"The High School for Enterprise, Business and Technology",14K478
331400011488,Brooklyn Preparatory High School,14K488
331400011558,Williamsburg High School for Architecture and Design,14K558
331400011561,Williamsburg Preparatory School,14K561
331400011586,Lyons Community School,14K586
331400011610,A-Tech High School,14K610
331400011614,Young Women's Leadership School of Brooklyn,14K614
331400011685,El Puente Academy for Peace and Justice,14K685
331500010001,P.S. 001 The Bergen,15K001
331500010010,"Magnet School of Math, Science and Design Technology",15K010
331500010015,P.S. 015 Patrick F. Daly,15K015
331500010024,P.S. 024,15K024
331500010029,P.S. 029 John M. Harrigan,15K029
331500010032,P.S. 032 Samuel Mills Sprole,15K032
331500010038,P.S. 038 The Pacific,15K038
331500010039,P.S. 039 Henry Bristow,15K039
331500010051,M.S. 51 William Alexander,15K051
331500010058,P.S. 058 The Carroll,15K058
331500010088,J.H.S. 088 Peter Rouget,15K088
331500010094,P.S. 094 The Henry Longfellow,15K094
331500010107,P.S. 107 John W. Kimball,15K107
331500010118,The Maurice Sendak Community School,15K118
331500010124,P.S. 124 Silas B. Dutcher,15K124
331500010130,P.S. 130 The Parkside,15K130
331500010131,P.S. 131 Brooklyn,15K131
331500010136,I.S. 136 Charles O. Dewey,15K136
331500010146,"The Brooklyn New School, P.S. 146",15K146
331500010154,The Windsor Terrace School,15K154
331500010169,P.S. 169 Sunset Park,15K169
331500010172,P.S. 172 Beacon School of Excellence,15K172
331500010230,P.S. 230 Doris L. Cohen,15K230
331500010261,P.S. 261 Philip Livingston,15K261
331500010295,P.S. 295,15K295
331500010321,P.S. 321 William Penn,15K321
331500010418,The Children's School,15K418
331500010442,M.S. 442 Carroll Gardens School for Innovation,15K442
331500010443,New Voices School of Academic & Creative Arts,15K443
331500010447,The Math & Science Exploratory School,15K447
331500010448,Brooklyn Secondary School for Collaborative Studies,15K448
331500010516,Sunset Park Avenues Elementary School,15K516
331500010666,Pre-K Center District 15,15KP15
331500010676,Red Hook Neighborhood School,15K676
331500010821,Sunset Park Prep,15K821
331500010839,M.S. 839,15K839
331500010896,The School of Creativity and Innovation,15K896
331500011423,Brooklyn Frontiers High School,15K423
331500011429,Digital Arts and Cinema Technology High School,15K429
331500011462,John Jay School for Law,15K462
331500011463,Secondary School for Journalism,15K463
331500011464,Park Slope Collegiate,15K464
331500011497,The Boerum Hill School for International Studies,15K497
331500011519,Cobble Hill School of American Studies,15K519
331500011529,West Brooklyn Community High School,15K529
331500011592,Khalil Gibran International Academy,15K592
331500011656,Brooklyn High School of the Arts,15K656
331500011667,Sunset Park High School,15K667
331500011684,Millennium Brooklyn HS,15K684
331500011698,South Brooklyn Community High School,15K698
331600010005,P.S. 005 Dr. Ronald McNair,16K005
331600010021,P.S. 021 Crispus Attucks,16K021
331600010025,P.S. 025 Eubie Blake School,16K025
331600010026,P.S. 026 Jesse Owens,16K026
331600010028,P.S. 028 The Warren Prep Academy,16K028
331600010035,M.S. 035 Stephen Decatur,16K035
331600010040,P.S. 040 George W. Carver,16K040
331600010057,Whitelaw Reid Academy of Arts and Business,16K057
331600010081,P.S. 081 Thaddeus Stevens,16K081
331600010243,P.S. 243K- The Weeksville School,16K243
331600010262,P.S. 262 El Hajj Malik El Shabazz Elementary School,16K262
331600010267,"M.S. 267 Math, Science & Technology",16K267
331600010308,P.S. 308 Clara Cardwell,16K308
331600010309,P.S. 309 The George E. Wibecan Preparatory Academy,16K309
331600010335,P.S. 335 Granville T. Woods,16K335
331600010627,Brighter Choice Community School,16K627
331600010628,Brooklyn Brownstone School,16K628
331600010681,Madiba Prep Middle School,16K681
331600010898,The Brooklyn Green School,16K898
331600011455,Boys and Girls High School,16K455
331600011498,Brooklyn High School for Law and Technology,16K498
331600011594,Gotham Professional Arts Academy,13K594
331600011669,Research and Service High School,16K669
331600011688,The Brooklyn Academy of Global Finance,16K688
331600011765,Nelson Mandela High School,16K765
331700010002,Parkside Preparatory Academy,17K002
331700010006,Norma Adams Clemons Academy,17K006
331700010012,Dr. Jacqueline Peek-Davis School,17K012
331700010061,M.S. 061 Dr. Gladstone H. Atwell,17K061
331700010091,P.S. 091 The Albany Avenue School,17K091
331700010092,P.S. 092 Adrian Hegeman,17K092
331700010138,P.S. 138 Brooklyn,17K138
331700010161,P.S. 161 The Crown,17K161
331700010181,P.S. 181 Brooklyn,17K181
331700010189,P.S. 189 The Bilingual Center,17K189
331700010191,P.S. 191 Paul Robeson,17K191
331700010221,P.S. 221 Toussaint L'Ouverture,17K221
331700010241,P.S. 241 Emma L. Johnston,17K241
331700010246,M.S. 246 Walt Whitman,17K246
331700010249,P.S. 249 The Caton,17K249
331700010289,P.S. 289 George V. Brower,17K289
331700010316,P.S. 316 Elijah Stroud,17K316
331700010340,I.S. 340,17K340
331700010352,Ebbets Field Middle School,17K352
331700010353,Elijah Stroud Middle School,17K353
331700010354,The School of Integrated Learning,17K354
331700010375,P.S. 375 Jackie Robinson School,17K375
331700010394,M.S. K394,17K394
331700010397,P.S. 397 Foster-Laurie,17K397
331700010398,P.S. 398 Walter Weaver,17K398
331700010399,P.S. 399 Stanley Eugene Clark,17K399
331700010484,Ronald Edmonds Learning Center II,17K484
331700010532,New Bridges Elementary,17K532
331700010705,Brooklyn Arts and Science Elementary School,17K705
331700010722,New Heights Middle School,17K722
331700010770,P.S. 770 New American Academy,17K770
331700011122,Pathways in Technology Early College High School (P-TECH),17K122
331700011382,Academy for College Preparation and Career Exploration: A College Board School,17K382
331700011408,Academy of Hospitality and Tourism,17K408
331700011524,International High School at Prospect Heights,17K524
331700011528,The High School for Global Citizenship,17K528
331700011531,"School for Human Rights, The",17K531
331700011537,High School for Youth and Community Development at Erasmus,17K537
331700011539,High School for Service & Learning at Erasmus,17K539
331700011543,"Science, Technology and Research Early College High School at Erasmus",17K543
331700011546,High School for Public Service: Heroes of Tomorrow,17K546
331700011547,Brooklyn Academy of Science and the Environment,17K547
331700011548,Brooklyn School for Music & Theatre,17K548
331700011568,Brownsville Academy High School,17K568
331700011590,Medgar Evers College Preparatory School,17K590
331700011600,Clara Barton High School,17K600
331700011745,Brooklyn Institute for Liberal Arts,17K745
331700011751,Academy for Health Careers,17K751
331800010066,P.S. 66,18K066
331800010068,I.S. 068 Isaac Bildersee,18K068
331800010114,P.S. 114 Ryder Elementary,18K114
331800010115,P.S. 115 Daniel Mucatel School,18K115
331800010135,P.S. 135 Sheldon A. Brookner,18K135
331800010208,P.S. 208 Elsa Ebeling,18K208
331800010211,I.S. 211 John Wilson,18K211
331800010219,P.S. 219 Kennedy-King,18K219
331800010233,P.S. 233 Langston Hughes,18K233
331800010235,P.S. 235 Janice Marie Knight School,18K235
331800010244,P.S. 244 Richard R. Green,18K244
331800010268,P.S. 268 Emma Lazarus,18K268
331800010272,P.S. 272 Curtis Estabrook,18K272
331800010276,P.S. 276 Louis Marshall,18K276
331800010279,P.S. 279 Herman Schreiber,18K279
331800010285,I.S. 285 Meyer Levin,18K285
331800010366,The Science and Medicine Middle School,18K366
331800010581,"The Middle School of Media, Law and Fine Arts",18K581
331800010588,Middle School for Art and Philosophy,18K588
331800010763,Brooklyn Science and Engineering Academy,18K763
331800011563,It Takes a Village Academy,18K563
331800011566,Brooklyn Community High School for Excellence and Equity,18K566
331800011567,Brooklyn Theatre Arts High School,18K567
331800011569,Kurt Hahn Expeditionary Learning School,18K569
331800011576,Victory Collegiate High School,18K576
331800011578,Brooklyn Bridge Academy,18K578
331800011617,High School for Innovation in Advertising and Media,18K617
331800011629,Cultural Academy for the Arts and Sciences,18K629
331800011633,High School for Medical Professions,18K633
331800011635,Olympus Academy,18K635
331800011637,Academy for Conservation and the Environment,18K637
331800011642,Urban Action Academy,18K642
331800011673,East Brooklyn Community High School,18K673
331900010007,P.S. 007 Abraham Lincoln,19K007
331900010013,P.S. 013 Roberto Clemente,19K013
331900010065,P.S. 065,19K065
331900010089,P.S. 089 Cypress Hills,19K089
331900010108,P.S. 108 Sal Abbracciamento,19K108
331900010149,P.S. 149 Danny Kaye,19K149
331900010158,P.S. 158 Warwick,19K158
331900010159,P.S. 159 Isaac Pitkin,19K159
331900010171,I.S. 171 Abraham Lincoln,19K171
331900010190,P.S. 190 Sheffield,19K190
331900010202,P.S. 202 Ernest S. Jenkyns,19K202
331900010213,P.S. 213 New Lots,19K213
331900010214,P.S. 214 Michael Friedsam,19K214
331900010218,J.H.S. 218 James P. Sinnott,19K218
331900010224,P.S. 224 Hale A. Woodruff,19K224
331900010273,P.S. 273 Wortman,19K273
331900010290,P.S. 290 Juan Morel Campos,19K290
331900010292,J.H.S. 292 Margaret S. Douglas,19K292
331900010306,P.S. 306 Ethan Allen,19K306
331900010325,The Fresh Creek School,19K325
331900010328,P.S. 328 Phyllis Wheatley,19K328
331900010345,P.S. 345 Patrolman Robert Bolden,19K345
331900010346,P.S. 346 Abe Stark,19K346
331900010364,I.S. 364 Gateway,19K364
331900010452,Frederick Douglass Academy VIII Middle School,19K452
331900010557,Brooklyn Gardens Elementary School,19K557
331900010654,Van Siclen Community Middle School,19K654
331900010661,Vista Academy,19K661
331900010662,Liberty Avenue Middle School,19K662
331900010663,School of the Future Brooklyn,19K663
331900010677,East New York Elementary School of Excellence,19K677
331900010678,East New York Middle School of Excellence,19K678
331900010760,Highland Park Community School,19K760
331900010907,Legacy School of the Arts,19K907
331900011404,Academy for Young Writers,19K404
331900011409,East New York Family Academy,19K409
331900011422,Spring Creek Community School,19K422
331900011502,FDNY - Captain Vernon A. Richard High School for Fire and Life Safety,19K502
331900011504,High School for Civil Rights,19K504
331900011507,Performing Arts and Technology High School,19K507
331900011510,World Academy for Total Community Health High School,19K510
331900011583,Multicultural High School,19K583
331900011615,Transit Tech Career and Technical Education High School,19K615
331900011618,Academy of Innovative Technology,19K618
331900011639,Brooklyn Lab School,19K639
331900011659,Cypress Hills Collegiate Preparatory School,19K659
331900011660,W. H. Maxwell Career and Technical Education High School,19K660
331900011683,"The School for Classics: An Academy of Thinkers, Writers and Performers",19K683
331900011764,The Urban Assembly School for Collaborative Healthcare,19K764
332000010030,P.S./I.S. 30 Mary White Ovington,20K030
332000010048,P.S. 048 Mapleton,20K048
332000010062,J.H.S. 062 Ditmas,20K062
332000010069,P.S. 69 Vincent D. Grippo School,20K069
332000010102,P.S. 102 The Bayview,20K102
332000010104,P.S./I.S. 104 The Fort Hamilton School,20K104
332000010105,P.S. 105 The Blythebourne,20K105
332000010112,P.S. 112 Lefferts Park,20K112
332000010127,P.S. 127 McKinley Park,20K127
332000010160,P.S. 160 William T. Sampson,20K160
332000010163,P.S. 163 Bath Beach,20K163
332000010164,P.S. 164 Caesar Rodney,20K164
332000010170,Ralph A. Fabrizio School,20K170
332000010176,P.S. 176 Ovington,20K176
332000010179,P.S. 179 Kensington,20K179
332000010180,The Seeall Academy,20K180
332000010185,P.S. 185 Walter Kassenbrock,20K185
332000010186,P.S. 186 Dr. Irving A Gladstone,20K186
332000010187,The Christa McAuliffe School\I.S. 187,20K187
332000010192,P.S. 192 - The Magnet School for Math and Science Inquiry,20K192
332000010200,P.S. 200 Benson School,20K200
332000010201,J.H.S. 201 The Dyker Heights,20K201
332000010204,P.S. 204 Vince Lombardi,20K204
332000010205,P.S. 205 Clarion,20K205
332000010220,J.H.S. 220 John J. Pershing,20K220
332000010223,J.H.S. 223 The Montauk,20K223
332000010227,J.H.S. 227 Edward B. Shallow,20K227
332000010229,P.S. 229 Dyker,20K229
332000010247,P.S. 247 Brooklyn,20K247
332000010259,J.H.S. 259 William McKinley,20K259
332000010264,P.S. 264 Bay Ridge Elementary School for the Arts,20K264
332000010310,The School for Future Leaders,20K310
332000010503,P.S. 503: The School of Discovery,20K503
332000010506,P.S. 506: The School of Journalism & Technology,20K506
332000010666,Pre-K Center District 20,20KP20
332000010682,The Academy of Talented Scholars,20K682
332000010686,Brooklyn School of Inquiry,20K686
332000010748,P.S. 748 Brooklyn School for Global Scholars,20K748
332000010971,"School of Math, Science, and Healthy Living",20K971
332000011445,New Utrecht High School,20K445
332000011485,High School of Telecommunication Arts and Technology,20K485
332000011490,Fort Hamilton High School,20K490
332000011505,Franklin Delano Roosevelt High School,20K505
332000011609,Urban Assembly School for Criminal Justice,20K609
332100010090,P.S. 90 Edna Cohen School,21K090
332100010095,P.S. 095 The Gravesend,21K095
332100010096,I.S. 096 Seth Low,21K096
332100010097,P.S. 97 The Highlawn,21K097
332100010098,I.S. 98 Bay Academy,21K098
332100010099,P.S. 099 Isaac Asimov,21K099
332100010100,P.S. 100 The Coney Island School,21K100
332100010101,P.S. 101 The Verrazano,21K101
332100010121,P.S. 121 Nelson A. Rockefeller,21K121
332100010128,P.S. 128 Bensonhurst,21K128
332100010153,P.S. 153 Homecrest,21K153
332100010177,P.S. 177 The Marlboro,21K177
332100010188,P.S. 188 Michael E. Berdy,21K188
332100010199,P.S. 199 Frederick Wachtel,21K199
332100010209,P.S. 209 Margaret Mead,21K209
332100010212,P.S. 212 Lady Deborah Moody,21K212
332100010215,P.S. 215 Morris H. Weiss,21K215
332100010216,P.S. 216 Arturo Toscanini,21K216
332100010225,P.S. K225 - The Eileen E. Zaglin,21K225
332100010226,P.S. 226 Alfred De B.Mason,21K226
332100010228,I.S. 228 David A. Boody,21K228
332100010238,P.S. 238 Anne Sullivan,21K238
332100010239,Mark Twain I.S. 239 for the Gifted & Talented,21K239
332100010253,P.S. 253,21K253
332100010281,I.S. 281 Joseph B Cavallaro,21K281
332100010288,P.S. 288 The Shirley Tanyhill,21K288
332100010303,I.S. 303 Herbert S. Eisenberg,21K303
332100010329,P.S. 329 Surfside,21K329
332100010666,Pre-K Center District 21,21KP21
332100011337,International High School at Lafayette,21K337
332100011344,Rachel Carson High School for Coastal Studies,21K344
332100011348,High School of Sports Management,21K348
332100011410,Abraham Lincoln High School,21K410
332100011468,Kingsborough Early College School,21K468
332100011525,Edward R. Murrow High School,21K525
332100011540,John Dewey High School,21K540
332100011559,Life Academy High School for Film and Music,21K559
332100011572,Expeditionary Learning School for Community Leaders,21K572
332100011620,William E. Grady Career and Technical Education High School,21K620
332100011690,Brooklyn Studio Secondary School,21K690
332100011728,Liberation Diploma Plus,21K728
332200010014,J.H.S. 014 Shell Bank,22K014
332200010052,P.S. 052 Sheepshead Bay,22K052
332200010078,J.H.S. 078 Roy H. Mann,22K078
332200010109,P.S. 109,22K109
332200010119,P.S. 119 Amersfort,22K119
332200010134,P.S. K134,22K134
332200010139,P.S. 139 Alexine A. Fenty,22K139
332200010152,School of Science & Technology,22K152
332200010193,P.S. 193 Gil Hodges,22K193
332200010194,P.S. 194 Raoul Wallenberg,22K194
332200010195,P.S. 195 Manhattan Beach,22K195
332200010197,P.S. 197 - The Kings Highway Academy,22K197
332200010198,P.S. 198 Brooklyn,22K198
332200010203,P.S. 203 Floyd Bennett School,22K203
332200010206,P.S. 206 Joseph F Lamb,22K206
332200010207,P.S. 207 Elizabeth G. Leary,22K207
332200010217,P.S. 217 Colonel David Marcus School,22K217
332200010222,P.S. 222 Katherine R. Snyder,22K222
332200010234,J.H.S. 234 Arthur W. Cunningham,22K234
332200010236,P.S. 236 Mill Basin,22K236
332200010240,Andries Hudde,22K240
332200010245,P.S. 245,22K245
332200010251,P.S. 251 Paerdegat,22K251
332200010254,P.S. 254 Dag Hammarskjold,22K254
332200010255,P.S. 255 Barbara Reing School,22K255
332200010277,P.S. 277 Gerritsen Beach,22K277
332200010278,J.H.S. 278 Marine Park,22K278
332200010312,P.S. 312 Bergen Beach,22K312
332200010315,P.S. K315,22K315
332200010326,P.S. 326,22K326
332200010361,P.S. 361 East Flatbush Early Childhood School,22K361
332200010381,I. S. 381,22K381
332200010666,Pre-K Center District 22,22KP22
332200010889,P.S. 889,22K889
332200010890,M.S. 890,22K890
332200011405,Midwood High School,22K405
332200011425,James Madison High School,22K425
332200011535,Leon M. Goldstein High School for the Sciences,22K535
332200011555,Brooklyn College Academy,22K555
332200011611,Origins High School,22K611
332200011630,Professional Pathways High School,22K630
332300010041,P.S. 041 Francis White,23K041
332300010137,P.S./I.S. 137 Rachel Jean Mitchell,23K137
332300010150,P.S. 150 Christopher,23K150
332300010155,P.S./ I.S. 155 Nicholas Herkimer,23K155
332300010156,P.S. 156 Waverly,23K156
332300010165,P.S. 165 Ida Posner,23K165
332300010178,P.S. 178 Saint Clair McKelway,23K178
332300010184,P.S. 184 Newport,23K184
332300010284,"The Gregory Jocko Jackson School of Sports, Art, and Technology",23K284
332300010298,P.S. 298 Dr. Betty Shabazz,23K298
332300010323,P.S./I.S. 323,23K323
332300010327,P.S. 327 Dr. Rose B. English,23K327
332300010363,Brownsville Collaborative Middle School,23K363
332300010392,I.S. 392,23K392
332300010401,Christopher Avenue Community School,23K401
332300010446,Riverdale Avenue Community School,23K446
332300010514,Frederick Douglass Academy VII High School,23K514
332300010518,KAPPA V (Knowledge and Power Preparatory Academy),23K518
332300010522,Mott Hall IV,23K522
332300010599,Brooklyn Landmark Elementary School,23K599
332300010664,Brooklyn Environmental Exploration School (BEES),23K664
332300010668,Riverdale Avenue Middle School,23K668
332300010671,Mott Hall Bridges Academy,23K671
332300011493,Brooklyn Collegiate: A College Board School,23K493
332300011643,Brooklyn Democracy Academy,23K643
332300011644,Eagle Academy for Young Men II,23K644
332300011646,Aspirations Diploma Plus High School,17K646
332300011647,Metropolitan Diploma Plus High School,23K647
332300011697,Teachers Preparatory High School,23K697
333200010045,P.S./I.S. 045 Horace E. Greene,32K045
333200010075,P.S. 075 Mayda Cortiella,32K075
333200010086,P.S. 086 The Irvington,32K086
333200010106,P.S. 106 Edward Everett Hale,32K106
333200010116,P.S. 116 Elizabeth L Farrell,32K116
333200010123,P.S. 123 Suydam,32K123
333200010145,P.S. 145 Andrew Jackson,32K145
333200010151,P.S. 151 Lyndon B. Johnson,32K151
333200010162,J.H.S. 162 The Willoughby,32K162
333200010274,P.S. 274 Kosciusko,32K274
333200010291,J.H.S. 291 Roland Hayes,32K291
333200010299,P.S. 299 Thomas Warren Field,32K299
333200010347,I.S. 347 School of Humanities,32K347
333200010349,"I.S. 349 Math, Science & Tech.",32K349
333200010376,P.S. 376,32K376
333200010377,P.S. 377 Alejandrina B. De Gautier,32K377
333200010383,J.H.S. 383 Philippa Schuyler,32K383
333200010384,P.S. /I.S. 384 Frances E. Carter,32K384
333200010562,Evergreen Middle School for Urban Exploration,32K562
333200010564,Bushwick Community High School,32K564
333200011168,The Brooklyn School for Math and Research,32K168
333200011403,Academy for Excellence in Leadership,32K403
333200011545,EBC High School for Public Service - Bushwick,32K545
333200011549,The Brooklyn School for Social Justice,32K549
333200011552,The Academy of Urban Planning and Engineering,32K552
333200011554,All City Leadership Secondary School,32K554
333200011556,Bushwick Leaders High School for Academic Excellence,32K556
342400010005,I.S. 5 - The Walter Crowley Intermediate School,24Q005
342400010007,P.S. 007 Louis F. Simeone,24Q007
342400010012,P.S. 012 James B. Colgate,24Q012
342400010013,P.S. 013 Clement C. Moore,24Q013
342400010014,P.S. 014 Fairview,24Q014
342400010016,P.S. Q016 The Nancy Debenedittis School,24Q016
342400010019,P.S. 019 Marino Jeantet,24Q019
342400010028,P.S. 28 - The Thomas Emanuel Early Childhood Center,24Q028
342400010049,P.S. 049 Dorothy Bonawit Kole,24Q049
342400010058,P.S. 58 - The School of Heroes,24Q058
342400010061,I.S. 061 Leonardo Da Vinci,24Q061
342400010068,P.S. 068 Cambridge,24Q068
342400010071,P.S. 071 Forest,24Q071
342400010073,I.S. 73 - The Frank Sansivieri Intermediate School,24Q073
342400010077,I.S. 077,24Q077
342400010081,P.S. 81Q Jean Paul Richter,24Q081
342400010087,P.S./I.S. 087 Middle Village,24Q087
342400010088,P.S. 088 Seneca,24Q088
342400010089,P.S. 089 Elmhurst,24Q089
342400010091,P.S. 091 Richard Arkwright,24Q091
342400010093,I.S. 093 Ridgewood,24Q093
342400010102,P.S. 102 Bayview,24Q102
342400010110,P.S. 110,24Q110
342400010113,P.S./I.S. 113 Anthony J. Pranzo,24Q113
342400010119,I.S. 119 The Glendale,24Q119
342400010125,I.S. 125 Thom J. McCann Woodside,24Q125
342400010128,"P.S. 128 The Lorraine Tuzzo, Juniper Valley Elementary School",24Q128
342400010143,P.S. 143 Louis Armstrong,24Q143
342400010153,P.S. 153 Maspeth Elem,24Q153
342400010199,P.S. 199 Maurice A. Fitzgerald,24Q199
342400010211,Elm Tree Elementary School,24Q211
342400010229,P.S. 229 Emanuel Kaplan,24Q229
342400010239,P.S. 239,24Q239
342400010290,A.C.E. Academy for Scholars at the Geraldine Ferraro Campus,24Q290
342400010305,Learners and Leaders,24Q305
342400010307,Pioneer Academy,24Q307
342400010311,Corona Arts & Sciences Academy,24Q311
342400010330,P.S. 330,24Q330
342400010343,The Children's Lab School,24Q343
342400010666,Pre-K Center District 24,24QP24
342400011236,International High School for Health Sciences,24Q236
342400011264,Academy of Finance and Enterprise,24Q264
342400011267,High School of Applied Communication,24Q267
342400011293,Civic Leadership Academy,24Q293
342400011296,Pan American International High School,24Q296
342400011299,Bard High School Early College Queens,24Q299
342400011455,Newtown High School,24Q455
342400011485,Grover Cleveland High School,24Q485
342400011520,Middle College High School at LaGuardia Community College,24Q520
342400011530,International High School at LaGuardia Community College,24Q530
342400011550,High School for Arts and Business,24Q550
342400011560,"Robert F. Wagner, Jr. Secondary School for Arts and Technology",24Q560
342400011585,Maspeth High School,24Q585
342400011600,Queens Vocational and Technical High School,24Q600
342400011610,Aviation Career & Technical Education High School,24Q610
342400011744,Voyages Preparatory,24Q744
342500010020,P.S. 020 John Bowne,25Q020
342500010021,P.S. 021 Edward Hart,25Q021
342500010022,P.S. 022 Thomas Jefferson,25Q022
342500010024,P.S. 024 Andrew Jackson,25Q024
342500010025,I.S. 025 Adrien Block,25Q025
342500010029,P.S. 029 Queens,25Q029
342500010032,P.S. 032 State Street,25Q032
342500010079,P.S. 079 Francis Lewis,25Q079
342500010107,P.S. 107 Thomas A Dooley,25Q107
342500010120,P.S. 120 Queens,25Q120
342500010129,P.S. 129 Patricia Larkin,25Q129
342500010130,P.S. 130,25Q130
342500010154,P.S. 154 Queens,25Q154
342500010163,P.S. 163 Flushing Heights,25Q163
342500010164,P.S. 164 Queens Valley,25Q164
342500010165,P.S. 165 Edith K. Bergtraum,25Q165
342500010169,P.S. 169 Bay Terrace,25Q169
342500010184,P.S. 184 Flushing Manor,25Q184
342500010185,J.H.S. 185 Edward Bleeker,25Q185
342500010189,J.H.S. 189 Daniel Carter Beard,25Q189
342500010193,P.S. 193 Alfred J. Kennedy,25Q193
342500010194,J.H.S. 194 William Carr,25Q194
342500010200,P.S./M.S. 200 - The Pomonok School & STAR Academy,25Q200
342500010201,P.S. 201 The Discovery School for Inquiry and Research,25Q201
342500010209,P.S. 209 Clearview Gardens,25Q209
342500010214,P.S. 214 Cadwallader Colden,25Q214
342500010219,P.S. 219 Paul Klapper,25Q219
342500010237,I.S. 237,25Q237
342500010242,P.S. 242 Leonard P. Stavisky Early Childhood School,25Q242
342500010244,The Active Learning Elementary School,25Q244
342500010250,I.S. 250 The Robert F. Kennedy Community Middle School,25Q250
342500010294,Bell Academy,25Q294
342500010379,M.S. 379,25Q379
342500010666,Pre-K Center District 25,25QP25
342500011240,Veritas Academy,25Q240
342500011241,Queens High School for Language Studies,25Q241
342500011252,"Queens School of Inquiry, The",25Q252
342500011263,Flushing International High School,25Q263
342500011281,East-West School of International Studies,25Q281
342500011285,World Journalism Preparatory: A College Board School,25Q285
342500011425,John Bowne High School,25Q425
342500011460,Flushing High School,25Q460
342500011499,"The Queens College School for Math, Science and Technology",25Q499
342500011525,Townsend Harris High School,25Q525
342500011540,Queens Academy High School,25Q540
342500011670,Robert F. Kennedy Community High School,25Q670
342500011792,North Queens Community High School,25Q792
342600010018,P.S. 018 Winchester,26Q018
342600010026,P.S. 026 Rufus King,26Q026
342600010031,P.S. 031 Bayside,26Q031
342600010041,P.S. 041 Crocheron,26Q041
342600010046,P.S. 046 Alley Pond,26Q046
342600010067,J.H.S. 067 Louis Pasteur,26Q067
342600010074,J.H.S. 074 Nathaniel Hawthorne,26Q074
342600010094,P.S. 094 David D. Porter,26Q094
342600010098,P.S. 098 The Douglaston School,26Q098
342600010115,The James J. Ambrose School,26Q115
342600010133,P.S. 133 Queens,26Q133
342600010158,M.S. 158 Marie Curie,26Q158
342600010159,P.S. 159,26Q159
342600010162,P.S. 162 John Golden,26Q162
342600010172,Irwin Altman Middle School 172,26Q172
342600010173,P.S. 173 Fresh Meadows,26Q173
342600010178,P.S./ IS 178 Holliswood,26Q178
342600010186,P.S. 186 Castlewood,26Q186
342600010188,P.S. 188 Kingsbury,26Q188
342600010191,P.S. 191 Mayflower,26Q191
342600010203,P.S. 203 Oakland Gardens,26Q203
342600010205,P.S. 205 Alexander Graham Bell,26Q205
342600010213,P.S. 213 The Carl Ullman School,26Q213
342600010216,J.H.S. 216 George J. Ryan,26Q216
342600010221,P.S. 221 The North Hills School,26Q221
342600010266,P.S./I.S. 266,26Q266
342600010376,P.S. 376,26Q376
342600011315,Business Technology Early College High School,26Q315
342600011415,Benjamin N. Cardozo High School,26Q415
342600011430,Francis Lewis High School,26Q430
342600011435,Martin Van Buren High School,26Q435
342600011495,Bayside High School,26Q495
342600011566,"Queens High School of Teaching, Liberal Arts and the Sciences",26Q566
342700010042,P.S./M.S 042 R. Vernam,27Q042
342700010043,P.S. 043,27Q043
342700010045,P.S. 045 Clarence Witherspoon,27Q045
342700010047,P.S. 047 Chris Galas,27Q047
342700010051,P.S. 051,27Q051
342700010053,M.S. 053 Brian Piccolo,27Q053
342700010056,P.S. 056 Harry Eichler,27Q056
342700010060,P.S. 060 Woodhaven,27Q060
342700010062,P. S. 62 - Chester Park School,27Q062
342700010063,P.S. 063 Old South,27Q063
342700010064,P.S. 064 Joseph P. Addabbo,27Q064
342700010065,P.S. 65 - The Raymond York Elementary School,27Q065
342700010066,P.S. 066 Jacqueline Kennedy Onassis,27Q066
342700010090,P.S. 090 Horace Mann,27Q090
342700010096,P.S. 096,27Q096
342700010097,P.S. 097 Forest Park,27Q097
342700010100,P.S. 100 Glen Morris,27Q100
342700010104,P.S. 104 The Bays Water,27Q104
342700010105,P.S. 105 The Bay School,27Q105
342700010106,Lighthouse Elementary School,27Q106
342700010108,P.S. 108 Captain Vincent G. Fowler,27Q108
342700010114,P.S./M.S. 114 Belle Harbor,27Q114
342700010123,P.S. 123,27Q123
342700010124,P.S. 124 Osmond A Church,27Q124
342700010137,M.S. 137 America's School of Heroes,27Q137
342700010146,P.S. 146 Howard Beach,27Q146
342700010155,P.S. 155,27Q155
342700010183,P.S. 183 Dr. Richard R. Green,27Q183
342700010197,P.S. 197 The Ocean School,27Q197
342700010202,J.H.S. 202 Robert H. Goddard,27Q202
342700010207,P.S. 207 Rockwood Park,27Q207
342700010210,J.H.S. 210 Elizabeth Blackwell,27Q210
342700010223,P.S. 223 Lyndon B. Johnson,27Q223
342700010226,J.H.S. 226 Virgil I. Grissom,27Q226
342700010232,P.S. 232 Lindenwood,27Q232
342700010253,P.S. 253,27Q253
342700010254,P.S. 254 - The Rosa Parks School,27Q254
342700010273,P.S. 273,27Q273
342700010282,Knowledge and Power Preparatory Academy VI,27Q282
342700010297,Hawtree Creek Middle School,27Q297
342700010306,New York City Academy for Discovery,27Q306
342700010314,Epic High School - South,27Q314
342700010316,Queens Explorers Elementary School,27Q316
342700010317,Waterside Children's Studio School,27Q317
342700010318,Waterside School for Leadership,27Q318
342700010319,Village Academy,27Q319
342700010323,Scholars' Academy,27Q323
342700010333,Goldie Maple Academy,27Q333
342700010362,Wave Preparatory Elementary School,27Q362
342700010377,P.S. 377,27Q377
342700010666,Pre-K Center District 27,27QP27
342700011260,Frederick Douglass Academy VI High School,27Q260
342700011261,Voyages Prep - South Queens,27Q261
342700011262,Channel View School for Research,27Q262
342700011302,"Queens High School for Information, Research, and Technology",27Q302
342700011308,Robert H. Goddard High School of Communication Arts and Technology,27Q308
342700011309,Academy of Medical Technology: A College Board School,27Q309
342700011324,Rockaway Park High School for Environmental Sustainability,27Q324
342700011334,Epic High School - North,27Q334
342700011351,Rockaway Collegiate High School,27Q351
342700011400,August Martin High School,27Q400
342700011475,Richmond Hill High School,27Q475
342700011480,John Adams High School,27Q480
342700011650,"High School for Construction Trades, Engineering and Architecture",27Q650
342800010008,J.H.S. 008 Richard S. Grossley,28Q008
342800010040,P.S. 040 Samuel Huntington,28Q040
342800010048,P.S. 048 William Wordsworth,28Q048
342800010050,P.S. 050 Talfourd Lawn Elementary School,28Q050
342800010054,P.S. 054 Hillside,28Q054
342800010055,P.S. 055 Maure,28Q055
342800010072,Catherine & Count Basie Middle School 72,28Q072
342800010080,PS 80  The Thurgood Marshall Magnet School of Multimedia and Communication,28Q080
342800010082,P.S. 082 Hammond,28Q082
342800010086,P.S. Q086,28Q086
342800010099,P.S. 099 Kew Gardens,28Q099
342800010101,P.S. 101 School in the Gardens,28Q101
342800010117,P.S. 117 J. Keld / Briarwood School,28Q117
342800010121,P.S. 121 Queens,28Q121
342800010139,P.S. 139 Rego Park,28Q139
342800010140,P.S. 140 Edward K Ellington,28Q140
342800010144,P.S. 144 Col Jeromus Remsen,28Q144
342800010157,J.H.S. 157 Stephen A. Halsey,28Q157
342800010160,P.S. 160 Walter Francis Bishop,28Q160
342800010161,P.S. 161 Arthur Ashe School,28Q161
342800010174,P.S. 174 William Sidney Mount,28Q174
342800010175,P.S. 175 The Lynn Gross Discovery School,28Q175
342800010182,P.S. 182 Samantha Smith,28Q182
342800010190,J.H.S. 190 Russell Sage,28Q190
342800010196,P.S. 196 Grand Central Parkway,28Q196
342800010206,P.S. 206 The Horace Harding School,28Q206
342800010217,J.H.S. 217 Robert A. Van Wyck,28Q217
342800010220,P.S. 220 Edward Mandel,28Q220
342800010287,The Emerson School,28Q287
342800010303,The Academy for Excellence through the Arts,28Q303
342800010312,Jamaica Children's School,28Q312
342800010332,Redwood Middle School,28Q332
342800010349,The Queens School for Leadership and Excellence,28Q349
342800010354,The Jermaine L. Green STEM Institute of Queens,28Q354
342800010358,M.S. 358,28Q358
342800010666,Pre-K Center District 28,28QP28
342800011167,Metropolitan Expeditionary Learning School,28Q167
342800011284,York Early College Academy,28Q284
342800011310,Queens Collegiate: A College Board School,28Q310
342800011325,Hillside Arts & Letters Academy,28Q325
342800011328,High School for Community Leadership,28Q328
342800011338,Queens Satellite High School for Opportunity,28Q338
342800011350,Jamaica Gateway to the Sciences,28Q350
342800011440,Forest Hills High School,28Q440
342800011505,Hillcrest High School,28Q505
342800011620,Thomas A. Edison Career and Technical Education High School,28Q620
342800011680,Queens Gateway to Health Sciences Secondary School,28Q680
342800011686,Queens Metropolitan High School,28Q686
342800011687,Queens High School for the Sciences at York College,28Q687
342800011690,High School for Law Enforcement and Public Safety,28Q690
342800011896,"Young Women's Leadership School, Queens",28Q896
342900010015,P.S. 015 Jackie Robinson,29Q015
342900010033,P.S. 033 Edward M. Funk,29Q033
342900010034,P.S. 034 John Harvard,29Q034
342900010035,P.S. 035 Nathaniel Woodhull,29Q035
342900010036,P.S. 036 Saint Albans School,29Q036
342900010037,Cynthia Jenkins School,29Q037
342900010038,P.S. 038 Rosedale,29Q038
342900010052,P.S. 052 Queens,29Q052
342900010059,I.S. 059 Springfield Gardens,29Q059
342900010095,P.S. 095 Eastwood,29Q095
342900010109,Jean Nuzzi Intermediate School,29Q109
342900010116,P.S./I.S. 116 William C. Hughley,29Q116
342900010118,P.S. 118 Lorraine Hansberry,29Q118
342900010131,P.S. 131 Abigail Adams,29Q131
342900010132,P.S. 132 Ralph Bunche,29Q132
342900010134,P.S. 134 Hollis,29Q134
342900010135,The Bellaire School,29Q135
342900010136,P.S. 136 Roy Wilkins,29Q136
342900010138,P.S./M.S. 138 Sunrise,29Q138
342900010147,P.S./M.S. 147 Ronald McNair,29Q147
342900010156,P.S. 156 Laurelton,29Q156
342900010176,P.S. 176 Cambria Heights,29Q176
342900010181,P.S. 181 Brookfield,29Q181
342900010192,I.S. 192 The Linden,29Q192
342900010195,P.S. 195 William Haberle,29Q195
342900010208,P.S./I.S. 208,29Q208
342900010238,I.S. 238 - Susan B. Anthony Academy,29Q238
342900010251,P.S. 251 Queens,29Q251
342900010268,P.S./I.S. 268,29Q268
342900010270,The Gordon Parks School,29Q270
342900010289,Queens United Middle School,29Q289
342900010295,P.S./I.S. 295,29Q295
342900010355,Collaborative Arts Middle School,29Q355
342900010356,Community Voices Middle School,29Q356
342900010360,P.S. 360,29Q360
342900010666,Pre-K Center District 29,29QP29
342900011243,Institute for Health Professions at Cambria Heights,29Q243
342900011248,Queens Preparatory Academy,29Q248
342900011259,Pathways College Preparatory School: A College Board School,29Q259
342900011265,Excelsior Preparatory High School,29Q265
342900011272,George Washington Carver High School for the Sciences,29Q272
342900011283,Preparatory Academy for Writers: A College Board School,29Q283
342900011313,Benjamin Franklin High School for Finance & Information Technology,29Q313
342900011326,Cambria Heights Academy,29Q326
342900011327,Eagle Academy for Young Men III,29Q327
342900011492,"Mathematics, Science Research and Technology Magnet High School",29Q492
342900011498,Humanities & Arts Magnet High School,29Q498
343000010002,P.S. 002 Alfred Zimberg,30Q002
343000010010,I.S. 010 Horace Greeley,30Q010
343000010011,P.S. 011 Kathryn Phelan,30Q011
343000010017,P.S. 017 Henry David Thoreau,30Q017
343000010069,P.S. 069 Jackson Heights,30Q069
343000010070,P.S. 070,30Q070
343000010076,P.S. 076 William Hallet,30Q076
343000010078,P.S./I.S. 78Q,30Q078
343000010084,P.S. 084 Steinway,30Q084
343000010085,P.S. 085 Judge Charles Vallone,30Q085
343000010092,P.S. 092 Harry T. Stewart Sr.,30Q092
343000010111,P.S. 111 Jacob Blackwell,30Q111
343000010112,P.S. 112 Dutch Kills,30Q112
343000010122,P.S. 122 Mamie Fay,30Q122
343000010126,Albert Shanker School for Visual and Performing Arts,30Q126
343000010127,P.S. 127 Aerospace Science Magnet School,30Q127
343000010141,I.S. 141 The Steinway,30Q141
343000010145,I.S. 145 Joseph Pulitzer,30Q145
343000010148,P.S. 148 Queens,30Q148
343000010149,P.S. 149 Christa McAuliffe,30Q149
343000010150,P.S. 150 Queens,30Q150
343000010151,P.S. 151 Mary D. Carter,30Q151
343000010152,P.S. 152 Gwendoline N. Alleyne School,30Q152
343000010166,P.S. 166 Henry Gradstein,30Q166
343000010171,P.S. 171 Peter G. Van Alst,30Q171
343000010204,I.S. 204 Oliver W. Holmes,30Q204
343000010212,P.S. 212,30Q212
343000010222,P.S. Q222 - Fire Fighter Christopher A. Santora School,30Q222
343000010228,P.S. 228 Early Childhood Magnet School of the Arts,30Q228
343000010230,I.S. 230,30Q230
343000010234,P.S. 234,30Q234
343000010235,Academy for New Americans,30Q235
343000010280,P.S. 280,30Q280
343000010291,Hunters Point Community Middle School,30Q291
343000010300,The 30th Avenue School (G&T Citywide),30Q300
343000010329,East Elmhurst Community School,30Q329
343000010361,The Woodside Community School,30Q361
343000010384,P.S. 384,30Q384
343000010398,P.S. 398,30Q398
343000010666,Pre-K Center District 30,30QP30
343000011227,I.S. 227 Louis Armstrong,30Q227
343000011258,Energy Tech High School,30Q258
343000011286,"Young Women's Leadership School, Astoria",30Q286
343000011301,Academy for Careers in Television and Film,30Q301
343000011445,William Cullen Bryant High School,30Q445
343000011450,Long Island City High School,30Q450
343000011501,Frank Sinatra School of the Arts High School,30Q501
343000011502,Information Technology High School,30Q502
343000011555,Newcomers High School,30Q555
343000011575,Academy of American Studies,30Q575
343000011580,Baccalaureate School for Global Education,30Q580
353100010001,P.S. 001 Tottenville,31R001
353100010002,I.S. R002 George L. Egbert,31R002
353100010003,P.S. 003 The Margaret Gioiosa School,31R003
353100010004,P.S. 004 Maurice Wollin,31R004
353100010005,P.S. 005 Huguenot,31R005
353100010006,P.S. 6 Corporal Allan F. Kivlehan School,31R006
353100010007,I.S. 007 Elias Bernstein,31R007
353100010008,P.S. 8 Shirlee Solomon,31R008
353100010009,Naples Street Elementary School,31R009
353100010010,Fort Hill Collaborative Elementary School,31R010
353100010011,P.S. 11 Thomas Dongan School,31R011
353100010013,P.S. 013 M. L. Lindemeyer,31R013
353100010016,P.S. 016 John J. Driscoll,31R016
353100010018,P.S. 018 John G. Whittier,31R018
353100010019,P.S. 019 The Curtis School,31R019
353100010020,P.S. 020 Port Richmond,31R020
353100010021,P.S. 21 Margaret Emery-Elm Park,31R021
353100010022,P.S. 022 Graniteville,31R022
353100010023,P.S. 023 Richmondtown,31R023
353100010024,I.S. 024 Myra S. Barnes,31R024
353100010026,P.S. 026 The Carteret School,31R026
353100010027,I.S. 027 Anning S. Prall,31R027
353100010028,The Eagle Academy for Young Men of Staten Island,31R028
353100010029,P.S. 029 Bardwell,31R029
353100010030,P.S. 030 Westerleigh,31R030
353100010031,P.S. 031 William T. Davis,31R031
353100010032,P.S. 032 The Gifford School,31R032
353100010034,I.S. 034 Tottenville,31R034
353100010035,P.S. 35 The Clove Valley School,31R035
353100010036,P.S. 036 J. C. Drumgoole,31R036
353100010038,P.S. 038 George Cromwell,31R038
353100010039,P.S. 39 Francis J. Murphy Jr.,31R039
353100010041,The Stephanie A. Vierno School,31R041
353100010042,P.S. 042 Eltingville,31R042
353100010044,P.S. 044 Thomas C. Brown,31R044
353100010045,P.S. 045 John Tyler,31R045
353100010046,P.S. 046 Albert V. Maniscalco,31R046
353100010048,P.S. 048 William G. Wilcox,31R048
353100010049,I.S. 49 Berta A. Dreyfus,31R049
353100010050,P.S. 050 Frank Hankinson,31R050
353100010051,I.S. 051 Edwin Markham,31R051
353100010052,P.S. 052 John C. Thompson,31R052
353100010053,The Barbara Esselborn School,31R053
353100010054,P.S. 054 Charles W. Leng,31R054
353100010055,P.S. 055 Henry M. Boehm,31R055
353100010056,P.S. 56 The Louis Desario School,31R056
353100010057,P.S. 057 Hubert H. Humphrey,31R057
353100010058,Space Shuttle Columbia School,31R058
353100010059,The Harbor View School,31R059
353100010060,P.S. 060 Alice Austen,31R060
353100010061,I.S. 061 William A Morris,31R061
353100010062,The Kathleen Grimm School for Leadership and Sustainability,31R062
353100010063,Marsh Avenue School for Expeditionary Learning,31R063
353100010065,P.S. 65 The Academy of Innovative Learning,31R065
353100010068,Port Richmond School for Visionary Learning,31R068
353100010069,P.S. 069 Daniel D. Tompkins,31R069
353100010072,I.S. 072 Rocco Laurie,31R072
353100010074,P.S. 74 Future Leaders Elementary School,31R074
353100010075,I.S. 075 Frank D. Paulo,31R075
353100010078,P.S. 78,31R078
353100010666,Pre-K Center District 31,31RP31
353100010861,Staten Island School of Civic Leadership,31R861
353100011047,CSI High School for International Studies,31R047
353100011064,Gaynor McCown Expeditionary Learning School,31R064
353100011080,The Michael J. Petrides School,31R080
353100011440,New Dorp High School,31R440
353100011445,Port Richmond High School,31R445
353100011450,Curtis High School,31R450
353100011455,Tottenville High School,31R455
353100011460,Susan E. Wagner High School,31R460
353100011470,Concord High School,31R470
353100011600,Ralph R. McKee Career and Technical Education High School,31R600
353100011605,Staten Island Technical High School,31R605